,Region/Country/Area,Region/Country/Area,Region/Country/Area,Region/Country/Area,Region/Country/Area,Region/Country/Area,Region/Country/Area,Region/Country/Area,Year,Year,Year,Year,Year,Year,Year,Year,Public expenditure on education (as of 2021),Public expenditure on education (as of 2021),Public expenditure on education (as of 2021),Public expenditure on education (as of 2021),Public expenditure on education (as of 2021),Public expenditure on education (as of 2021),Public expenditure on education (as of 2021),Public expenditure on education (as of 2021)
,count,mean,std,min,25%,50%,75%,max,count,mean,std,min,25%,50%,75%,max,count,mean,std,min,25%,50%,75%,max
Variables,,,,,,,,,,,,,,,,,,,,,,,,
All staff compensation as % of total expenditure in public institutions (%),172.0,409.97093023255815,234.31858223456408,8.0,206.75,428.0,617.0,840.0,172.0,2013.1802325581396,5.795447290962587,2000.0,2010.0,2015.0,2019.0,2022.0,172.0,69.98372093023256,10.311826634008728,35.5,65.3,70.0,75.225,95.8
Basic access to computers by level of education: Lower secondary,92.0,436.9782608695652,235.79572917218684,8.0,233.0,442.0,620.0,840.0,92.0,2017.8804347826087,4.242232439721217,2010.0,2015.0,2020.0,2021.0,2023.0,92.0,98.75,6.7671231733991695,51.0,100.0,100.0,100.0,100.0
Basic access to computers by level of education: Primary,127.0,412.81102362204723,228.7819275067543,8.0,233.0,410.0,616.0,840.0,127.0,2017.8425196850394,3.836800082183221,2010.0,2015.0,2020.0,2021.0,2023.0,127.0,88.80866141732284,20.97009217085831,13.5,89.1,100.0,100.0,100.0
Basic access to computers by level of education: Upper secondary,91.0,436.15384615384613,240.19667511238106,8.0,239.5,442.0,620.0,840.0,91.0,2017.9450549450548,4.161630656265609,2010.0,2015.0,2020.0,2021.0,2023.0,91.0,98.93406593406593,4.925674680921494,67.0,100.0,100.0,100.0,100.0
Capital expenditure as % of total expenditure in public institutions (%),177.0,409.71751412429376,237.25743445227639,8.0,208.0,410.0,616.0,840.0,177.0,2013.1129943502824,5.861924575847291,2000.0,2010.0,2015.0,2019.0,2022.0,177.0,8.227118644067795,5.140453326372717,0.6,5.3,7.8,10.1,44.9
Current expenditure other than staff compensation as % of total expenditure in public institutions (%),172.0,407.1918604651163,236.09628163604435,8.0,203.0,419.0,617.0,840.0,172.0,2013.1802325581396,5.795447290962587,2000.0,2010.0,2015.0,2019.0,2022.0,172.0,21.83779069767442,9.42229667451641,2.1,16.6,20.8,26.424999999999997,63.6
