,Region/Country/Area,Region/Country/Area,Region/Country/Area,Region/Country/Area,Region/Country/Area,Region/Country/Area,Region/Country/Area,Region/Country/Area,Year,Year,Year,Year,Year,Year,Year,Year
,count,mean,std,min,25%,50%,75%,max,count,mean,std,min,25%,50%,75%,max
Variables,,,,,,,,,,,,,,,,
Teachers at lower secondary level,190.0,414.6,228.0712503541278,8.0,236.25,428.0,619.0,840.0,190.0,2013.278947368421,6.373812075013322,2000.0,2009.25,2015.0,2020.75,2023.0
Teachers at primary level,227.0,421.74449339207047,228.5098047955157,8.0,248.0,428.0,620.0,840.0,227.0,2013.123348017621,6.408838702911842,2000.0,2009.0,2014.0,2020.0,2023.0
Teachers at upper secondary level,183.0,407.6502732240437,227.73859143795704,8.0,233.0,410.0,616.0,840.0,183.0,2013.1092896174864,6.347888031433517,2000.0,2009.0,2014.0,2019.5,2023.0
Teachers with minimum required qualifications at lower secondary level,49.0,448.9183673469388,215.80632103179673,8.0,308.0,446.0,620.0,840.0,49.0,2013.469387755102,6.624141582173517,2000.0,2009.0,2015.0,2021.0,2023.0
Teachers with minimum required qualifications at primary level,82.0,457.2560975609756,216.6262532666252,8.0,308.0,446.0,637.25,840.0,82.0,2013.3902439024391,6.434390812265165,2000.0,2009.25,2015.0,2020.0,2023.0
Teachers with minimum required qualifications at upper secondary level,45.0,450.9555555555556,208.7374335417971,8.0,308.0,446.0,616.0,840.0,45.0,2014.111111111111,6.82316316348624,2000.0,2010.0,2015.0,2021.0,2023.0
